<?xml version="1.0" encoding="UTF-8"?>
<!DOCTYPE mapper PUBLIC "-//mybatis.org//DTD Mapper 3.0//EN" "http://mybatis.org/dtd/mybatis-3-mapper.dtd" >
<mapper namespace="com.sist.web.dao.UserDao">

	<resultMap type="com.sist.web.model.User" id="userResultMap">
		<id column="USER_ID" property="userId" />
		<result column="USER_PWD" property="userPwd" />
		<result column="USER_NAME" property="userName" />
		<result column="USER_EMAIL" property="userEmail" />
		<result column="STATUS" property="status" />
		<result column="REG_DATE" property="regDate" />
	</resultMap>

	<select id="userSelect" parameterType="String" resultMap="userResultMap">
		SELECT USER_ID,
		        NVL(USER_PWD, '') USER_PWD,
		        NVL(USER_NAME, '') USER_NAME,
		        NVL(USER_EMAIL, '') USER_EMAIL,
		        NVL(STATUS, 'Y') STATUS,
		        NVL(TO_CHAR(REG_DATE, 'YYYY.MM.DD HH24:MI:SS'), '') REG_DATE
		FROM INS_USER
		WHERE USER_ID = #{value}
		OR USER_EMAIL = #{value}
	</select>
	
	<insert id="userInsert" parameterType="com.sist.web.model.User">
		INSERT INTO INS_USER
		(USER_ID, USER_PWD, USER_NAME, USER_EMAIL, STATUS, REG_DATE)
		VALUES(#{userId}, #{userPwd}, #{userName}, #{userEmail}, #{status}, SYSDATE)
	</insert>

</mapper>